Name,BGL,Time-from-meal,Age,Heart_Rate,md_so,md_sd,t_sd,md_do,sd_r,AUC,BMI
Jason,122,20820,25,108,0.039885509,0.016429981,0.157333333,0.023455528,0.411928578,-0.122830164,27
